''Date'',''Open'',''High'',''Low'',''Close'',''Adj Close'',''Volume'',''ticker''
''1/3/2023'',''85.45999908447266'',''86.95999908447266'',''84.20999908447266'',''85.81999969482422'',''85.81999969482422'',76706000,''AMZN''
''1/4/2023'',''86.55000305175781'',86.98000336,''83.36000061035156'',''85.13999938964844'',''85.13999938964844'',68885100,''AMZN''
''1/5/2023'',''85.33000183105469'',''85.41999816894531'',''83.06999969482422'',''83.12000274658203'',''83.12000274658203'',67930800,''AMZN''
''1/6/2023'',''83.02999877929688'',86.40000153,''81.43000030517578'',''86.08000183105469'',''86.08000183105469'',83303400,''AMZN''
''1/9/2023'',''87.45999908447266'',89.48000336,''87.08000183105469'',''87.36000061035156'',''87.36000061035156'',65266100,''AMZN''
''1/10/2023'',''87.56999969482422'',''90.19000244140625'',''87.29000091552734'',''89.87000274658203'',''89.87000274658203'',67756600,''AMZN''
''1/11/2023'',''90.93000030517578'',''95.26000213623047'',''90.93000030517578'',''95.08999633789062'',''95.08999633789062'',103126200,''AMZN''
''1/12/2023'',''96.93000030517578'',''97.19000244140625'',93.5,95.26999664,95.26999664,85254800,''AMZN''
''1/13/2023'',''94.18000030517578'',''98.37000274658203'',''94.12000274658203'',''98.12000274658203'',''98.12000274658203'',85549400,''AMZN''
''1/17/2023'',''98.68000030517578'',''98.88999938964844'',95.73000336,''96.05000305175781'',''96.05000305175781'',72755000,''AMZN''
''1/18/2023'',''97.25'',''99.31999969482422'',''95.37999725341797'',''95.45999908447266'',''95.45999908447266'',79570400,''AMZN''
''1/19/2023'',''94.73999786376953'',''95.44000244140625'',''92.86000061035156'',''93.68000030517578'',''93.68000030517578'',69002700,''AMZN''
''1/20/2023'',''93.86000061035156'',97.34999847,''93.19999694824219'',97.25,97.25,67481500,''AMZN''
''1/23/2023'',''97.55999755859375'',''97.77999877929688'',''95.86000061035156'',97.51999664,97.51999664,76501100,''AMZN''
''1/24/2023'',''96.93000030517578'',''98.08999633789062'',96,''96.31999969482422'',''96.31999969482422'',66929500,''AMZN''
''1/25/2023'',''92.55999755859375'',''97.23999786376953'',91.51999664,''97.18000030517578'',''97.18000030517578'',94261600,''AMZN''
''1/26/2023'',''98.23999786376953'',''99.48999786376953'',''96.91999816894531'',''99.22000122070312'',''99.22000122070312'',68523600,''AMZN''
''1/27/2023'',''99.52999877929688'',''103.48999786376953'',''99.52999877929688'',''102.23999786376953'',''102.23999786376953'',87775600,''AMZN''
''1/30/2023'',''101.08999633789062'',''101.73999786376953'',''99.01000213623047'',''100.55000305175781'',''100.55000305175781'',70691900,''AMZN''
''1/31/2023'',''101.16000366210938'',''103.3499984741211'',''101.13999938964844'',''103.12999725341797'',''103.12999725341797'',66527300,''AMZN''
''2/1/2023'',''102.52999877929688'',''106.23999786376953'',''101.23999786376953'',''105.1500015258789'',''105.1500015258789'',80450100,''AMZN''
''2/2/2023'',110.25,114,''108.87999725341797'',''112.91000366210938'',''112.91000366210938'',158154200,''AMZN''
''2/3/2023'',''105.26000213623047'',''108.77999877929688'',''102.5199966430664'',''103.38999938964844'',''103.38999938964844'',144374800,''AMZN''
''2/6/2023'',''102.93000030517578'',''103.94999694824219'',''100.6500015258789'',''102.18000030517578'',''102.18000030517578'',81945200,''AMZN''
''2/7/2023'',''101.16999816894531'',''102.41000366210938'',''98.08000183105469'',''102.11000061035156'',''102.11000061035156'',119501300,''AMZN''
''2/8/2023'',''102.04000091552734'',''102.66999816894531'',''98.77999877929688'',''100.05000305175781'',''100.05000305175781'',75878300,''AMZN''
''2/9/2023'',''101.31999969482422'',''101.77999877929688'',''97.56999969482422'',''98.23999786376953'',''98.23999786376953'',64622500,''AMZN''
''2/10/2023'',''97.55999755859375'',''98.81999969482422'',96.23000336,''97.61000061035156'',''97.61000061035156'',52740100,''AMZN''
''2/13/2023'',97.84999847,''99.68000030517578'',''96.91000366210938'',''99.54000091552734'',''99.54000091552734'',52841500,''AMZN''
''2/14/2023'',''98.41000366210938'',''100.91999816894531'',97.51999664,''99.69999694824219'',''99.69999694824219'',56202900,''AMZN''
''2/15/2023'',''99.08999633789062'',''101.16999816894531'',''98.44999694824219'',''101.16000366210938'',''101.16000366210938'',47957600,''AMZN''
''2/16/2023'',''99.20999908447266'',''100.62999725341797'',98.09999847,98.15000153,98.15000153,56339200,''AMZN''
''2/17/2023'',''97.80000305175781'',''97.94000244140625'',95.65000153,''97.19999694824219'',''97.19999694824219'',60029400,''AMZN''
''2/21/2023'',''95.33999633789062'',''95.61000061035156'',94.26999664,''94.58000183105469'',''94.58000183105469'',56580400,''AMZN''
''2/22/2023'',95.09999847,''97.01000213623047'',''94.80000305175781'',''95.79000091552734'',''95.79000091552734'',59534100,''AMZN''
''2/23/2023'',''96.12000274658203'',''96.43000030517578'',''93.66999816894531'',''95.81999969482422'',''95.81999969482422'',48467000,''AMZN''
''2/24/2023'',''93.52999877929688'',''94.13999938964844'',''92.31999969482422'',93.5,93.5,57053800,''AMZN''
''2/27/2023'',''94.27999877929688'',''94.77999877929688'',''93.13999938964844'',''93.76000213623047'',''93.76000213623047'',47470300,''AMZN''
''2/28/2023'',''93.13999938964844'',''94.69000244140625'',''92.91999816894531'',94.23000336,94.23000336,43959300,''AMZN''
''3/1/2023'',''93.87000274658203'',''94.68000030517578'',''91.58999633789062'',''92.16999816894531'',''92.16999816894531'',52299500,''AMZN''
''3/2/2023'',''91.41000366210938'',92.23000336,''90.38999938964844'',''92.12999725341797'',''92.12999725341797'',55509400,''AMZN''
''3/3/2023'',''92.73999786376953'',''94.94000244140625'',''92.66000366210938'',94.90000153,94.90000153,55759600,''AMZN''
''3/6/2023'',''95.19000244140625'',''96.55000305175781'',''93.73999786376953'',93.75,93.75,52112400,''AMZN''
''3/7/2023'',''94.05999755859375'',''95.08999633789062'',''92.77999877929688'',''93.55000305175781'',''93.55000305175781'',49100700,''AMZN''
''3/8/2023'',93.59999847,''94.16999816894531'',''92.18000030517578'',''93.91999816894531'',''93.91999816894531'',44899100,''AMZN''
''3/9/2023'',''93.68000030517578'',''96.20999908447266'',''92.18000030517578'',92.25,92.25,56218700,''AMZN''
''3/10/2023'',''92.66999816894531'',''93.56999969482422'',90.25,90.73000336,90.73000336,69827500,''AMZN''
''3/13/2023'',''89.97000122070312'',94.01999664,''88.12000274658203'',''92.43000030517578'',''92.43000030517578'',72397100,''AMZN''
''3/14/2023'',''93.83000183105469'',''95.06999969482422'',''92.70999908447266'',''94.87999725341797'',''94.87999725341797'',60912700,''AMZN''
''3/15/2023'',''93.22000122070312'',''96.66999816894531'',''93.06999969482422'',''96.19999694824219'',''96.19999694824219'',70731800,''AMZN''
''3/16/2023'',95.75,''100.98999786376953'',''95.61000061035156'',''100.04000091552734'',''100.04000091552734'',84446900,''AMZN''
''3/17/2023'',''99.79000091552734'',''100.66000366210938'',''97.45999908447266'',''98.94999694824219'',''98.94999694824219'',87300200,''AMZN''
''3/20/2023'',''98.41000366210938'',98.48000336,''95.69999694824219'',''97.70999908447266'',''97.70999908447266'',62388900,''AMZN''
''3/21/2023'',''98.13999938964844'',''100.8499984741211'',98,''100.61000061035156'',''100.61000061035156'',58597300,''AMZN''
''3/22/2023'',''100.44999694824219'',''102.0999984741211'',''98.61000061035156'',''98.69999694824219'',''98.69999694824219'',57475400,''AMZN''
''3/23/2023'',''100.43000030517578'',''101.05999755859375'',''97.62000274658203'',''98.70999908447266'',''98.70999908447266'',57559300,''AMZN''
''3/24/2023'',''98.06999969482422'',''98.30000305175781'',96.40000153,''98.12999725341797'',''98.12999725341797'',56095400,''AMZN''
''3/27/2023'',''99.06999969482422'',''99.33999633789062'',''97.08000183105469'',''98.04000091552734'',''98.04000091552734'',46721300,''AMZN''
''3/28/2023'',''98.11000061035156'',''98.44000244140625'',''96.29000091552734'',''97.23999786376953'',''97.23999786376953'',38720100,''AMZN''
''3/29/2023'',''98.69000244140625'',''100.41999816894531'',''98.55999755859375'',100.25,100.25,49783300,''AMZN''
''3/30/2023'',''101.55000305175781'',''103.04000091552734'',''101.01000213623047'',102,102,53633400,''AMZN''
''3/31/2023'',''102.16000366210938'',''103.48999786376953'',''101.94999694824219'',''103.29000091552734'',''103.29000091552734'',56750300,''AMZN''
''4/3/2023'',''102.30000305175781'',''103.29000091552734'',''101.43000030517578'',''102.41000366210938'',''102.41000366210938'',41135700,''AMZN''
''4/4/2023'',102.75,''104.19999694824219'',''102.11000061035156'',''103.94999694824219'',''103.94999694824219'',48662500,''AMZN''
''4/5/2023'',''103.91000366210938'',''103.91000366210938'',100.75,''101.0999984741211'',''101.0999984741211'',45175400,''AMZN''
''4/6/2023'',100.75,''102.37999725341797'',''99.80000305175781'',''102.05999755859375'',''102.05999755859375'',43808000,''AMZN''
''4/10/2023'',''100.95999908447266'',''102.19999694824219'',''99.56999969482422'',''102.16999816894531'',''102.16999816894531'',37261200,''AMZN''
''4/11/2023'',''100.80000305175781'',101,''99.01000213623047'',''99.91999816894531'',''99.91999816894531'',60417800,''AMZN''
''4/12/2023'',''100.4000015258789'',''100.51000213623047'',''97.70999908447266'',''97.83000183105469'',''97.83000183105469'',56735000,''AMZN''
''4/13/2023'',''98.94999694824219'',''102.56999969482422'',''98.70999908447266'',''102.4000015258789'',''102.4000015258789'',67925100,''AMZN''
''4/14/2023'',''102.06999969482422'',''103.19999694824219'',''101.11000061035156'',''102.51000213623047'',''102.51000213623047'',51450500,''AMZN''
''4/17/2023'',''103.16000366210938'',''103.7300033569336'',''101.58999633789062'',''102.73999786376953'',''102.73999786376953'',39919500,''AMZN''
''4/18/2023'',''103.94999694824219'',''104.19999694824219'',''101.5199966430664'',''102.30000305175781'',''102.30000305175781'',39790500,''AMZN''
''4/19/2023'',''101.58000183105469'',''105.12000274658203'',''101.38999938964844'',''104.30000305175781'',''104.30000305175781'',58398900,''AMZN''
''4/20/2023'',''103.52999877929688'',105.25,''103.20999908447266'',''103.80999755859375'',''103.80999755859375'',57696900,''AMZN''
''4/21/2023'',''106.0999984741211'',''108.1500015258789'',''105.08000183105469'',''106.95999908447266'',''106.95999908447266'',86774200,''AMZN''
''4/24/2023'',''107.66000366210938'',''109.2300033569336'',''105.06999969482422'',''106.20999908447266'',''106.20999908447266'',69575600,''AMZN''
''4/25/2023'',''104.91000366210938'',''105.44999694824219'',''102.44999694824219'',''102.56999969482422'',''102.56999969482422'',65026800,''AMZN''
''4/26/2023'',''105.04000091552734'',''106.62000274658203'',''104.0999984741211'',''104.9800033569336'',''104.9800033569336'',73803800,''AMZN''
''4/27/2023'',''108.16000366210938'',''110.86000061035156'',''106.80000305175781'',''109.81999969482422'',''109.81999969482422'',149961200,''AMZN''
''4/28/2023'',''107.7300033569336'',''109.4800033569336'',''104.33000183105469'',''105.44999694824219'',''105.44999694824219'',130565000,''AMZN''
''5/1/2023'',''104.94999694824219'',''105.2300033569336'',''101.81999969482422'',''102.05000305175781'',''102.05000305175781'',74728100,''AMZN''
''5/2/2023'',''101.47000122070312'',''103.9000015258789'',''101.1500015258789'',''103.62999725341797'',''103.62999725341797'',73469400,''AMZN''
''5/3/2023'',''103.73999786376953'',''105.95999908447266'',''103.27999877929688'',''103.6500015258789'',''103.6500015258789'',65051900,''AMZN''
''5/4/2023'',''104.04000091552734'',''105.38999938964844'',''103.30999755859375'',104,104,45345500,''AMZN''
''5/5/2023'',''104.2699966430664'',''105.76000213623047'',''103.55000305175781'',''105.66000366210938'',''105.66000366210938'',56912900,''AMZN''
''5/8/2023'',''105.04000091552734'',''106.0999984741211'',''104.69999694824219'',''105.83000183105469'',''105.83000183105469'',49430900,''AMZN''
''5/9/2023'',''105.4800033569336'',''106.79000091552734'',''105.16000366210938'',''106.62000274658203'',''106.62000274658203'',44089400,''AMZN''
''5/10/2023'',''108.0999984741211'',''110.66999816894531'',''108.05000305175781'',''110.19000244140625'',''110.19000244140625'',78627600,''AMZN''
''5/11/2023'',''111.02999877929688'',''113.27999877929688'',''110.48999786376953'',''112.18000030517578'',''112.18000030517578'',74924800,''AMZN''
''5/12/2023'',''112.16000366210938'',''112.63999938964844'',''109.31999969482422'',''110.26000213623047'',''110.26000213623047'',49810100,''AMZN''
''5/15/2023'',''111.1500015258789'',''112.29000091552734'',109.25,''111.19999694824219'',''111.19999694824219'',53011100,''AMZN''
''5/16/2023'',''111.05000305175781'',''114.79000091552734'',''111.05000305175781'',''113.4000015258789'',''113.4000015258789'',71472900,''AMZN''
''5/17/2023'',''114.88999938964844'',''115.83000183105469'',''114.22000122070312'',115.5,115.5,65655200,''AMZN''
''5/18/2023'',''116.69000244140625'',''118.5999984741211'',''116.33999633789062'',''118.1500015258789'',''118.1500015258789'',73174100,''AMZN''
''5/19/2023'',''118.16000366210938'',''118.30999755859375'',''115.69999694824219'',116.25,116.25,54990200,''AMZN''
''5/22/2023'',''116.7699966430664'',''116.7699966430664'',114.25,''115.01000213623047'',''115.01000213623047'',70741100,''AMZN''
''5/23/2023'',''114.2699966430664'',''117.13999938964844'',''113.77999877929688'',''114.98999786376953'',''114.98999786376953'',67576300,''AMZN''
''5/24/2023'',''115.3499984741211'',''117.33999633789062'',''115.0199966430664'',116.75,116.75,63487900,''AMZN''
''5/25/2023'',''116.62999725341797'',''116.87000274658203'',''114.30999755859375'',115,115,66496700,''AMZN''
''5/26/2023'',''116.04000091552734'',121.5,''116.0199966430664'',''120.11000061035156'',''120.11000061035156'',96779900,''AMZN''
''5/30/2023'',''122.37000274658203'',''122.91999816894531'',''119.86000061035156'',''121.66000366210938'',''121.66000366210938'',64314800,''AMZN''
''5/31/2023'',''121.44999694824219'',''122.04000091552734'',''119.16999816894531'',''120.58000183105469'',''120.58000183105469'',72800800,''AMZN''
''6/1/2023'',''120.69000244140625'',''123.48999786376953'',''119.93000030517578'',''122.7699966430664'',''122.7699966430664'',54375100,''AMZN''
''6/2/2023'',''124.91999816894531'',''126.38999938964844'',''124.0199966430664'',124.25,124.25,61215000,''AMZN''
''6/5/2023'',''123.36000061035156'',''125.80000305175781'',''123.02999877929688'',''125.30000305175781'',''125.30000305175781'',47950100,''AMZN''
''6/6/2023'',''125.06999969482422'',''127.4000015258789'',125,''126.61000061035156'',''126.61000061035156'',45695200,''AMZN''
''6/7/2023'',''127.01000213623047'',''127.37000274658203'',''120.62999725341797'',''121.2300033569336'',''121.2300033569336'',95663300,''AMZN''
''6/8/2023'',''123.01000213623047'',''125.62999725341797'',''122.26000213623047'',124.25,124.25,62159300,''AMZN''
''6/9/2023'',''124.08000183105469'',''125.80000305175781'',''123.19000244140625'',''123.43000030517578'',''123.43000030517578'',51330000,''AMZN''
''6/12/2023'',''124.0199966430664'',''126.77999877929688'',''123.52999877929688'',''126.56999969482422'',''126.56999969482422'',51338000,''AMZN''
''6/13/2023'',''128.1199951171875'',''128.41000366210938'',''125.18000030517578'',''126.66000366210938'',''126.66000366210938'',50564800,''AMZN''
''6/14/2023'',''126.69999694824219'',''126.94999694824219'',''124.12000274658203'',''126.41999816894531'',''126.41999816894531'',52422500,''AMZN''
''6/15/2023'',''125.20999908447266'',''127.69000244140625'',''124.31999969482422'',''127.11000061035156'',''127.11000061035156'',60458500,''AMZN''
''6/16/2023'',''127.70999908447266'',''127.9000015258789'',''125.30000305175781'',''125.48999786376953'',''125.48999786376953'',84188100,''AMZN''
''6/20/2023'',''124.97000122070312'',127.25,124.5,''125.77999877929688'',''125.77999877929688'',56930100,''AMZN''
''6/21/2023'',''125.63999938964844'',''126.7300033569336'',''123.8499984741211'',''124.83000183105469'',''124.83000183105469'',52137700,''AMZN''
''6/22/2023'',''125.30999755859375'',''130.3300018310547'',''125.13999938964844'',''130.14999389648438'',''130.14999389648438'',90354600,''AMZN''
''6/23/2023'',''129.11000061035156'',''130.83999633789062'',''128.27999877929688'',''129.3300018310547'',''129.3300018310547'',71855200,''AMZN''
''6/26/2023'',''129.3300018310547'',''131.49000549316406'',''127.0999984741211'',''127.33000183105469'',''127.33000183105469'',59989300,''AMZN''
''6/27/2023'',''128.6300048828125'',''130.08999633789062'',''127.55000305175781'',''129.17999267578125'',''129.17999267578125'',46801000,''AMZN''
''6/28/2023'',''128.94000244140625'',''131.47999572753906'',''128.44000244140625'',''129.0399932861328'',''129.0399932861328'',52149500,''AMZN''
''6/29/2023'',''128.77000427246094'',''129.25999450683594'',''127.26000213623047'',''127.9000015258789'',''127.9000015258789'',40761000,''AMZN''
''6/30/2023'',''129.47000122070312'',131.25,''128.9499969482422'',''130.36000061035156'',''130.36000061035156'',54310500,''AMZN''
''7/3/2023'',''130.82000732421875'',''131.85000610351562'',''130.07000732421875'',''130.22000122070312'',''130.22000122070312'',28264800,''AMZN''
''7/5/2023'',''130.24000549316406'',''131.39999389648438'',''129.63999938964844'',''130.3800048828125'',''130.3800048828125'',35895400,''AMZN''
''7/6/2023'',128.25,''128.72999572753906'',''127.37000274658203'',''128.36000061035156'',''128.36000061035156'',40639900,''AMZN''
''7/7/2023'',''128.58999633789062'',''130.97000122070312'',''128.1300048828125'',''129.77999877929688'',''129.77999877929688'',41928700,''AMZN''
''7/10/2023'',''129.07000732421875'',''129.27999877929688'',''125.91999816894531'',''127.12999725341797'',''127.12999725341797'',61889300,''AMZN''
''7/11/2023'',127.75,''129.77000427246094'',''127.3499984741211'',''128.77999877929688'',''128.77999877929688'',49951500,''AMZN''
''7/12/2023'',''130.30999755859375'',''131.25999450683594'',''128.8300018310547'',''130.8000030517578'',''130.8000030517578'',54022800,''AMZN''
''7/13/2023'',''134.0399932861328'',''134.6699981689453'',''132.7100067138672'',''134.3000030517578'',''134.3000030517578'',61170900,''AMZN''
''7/14/2023'',''134.05999755859375'',''136.64999389648438'',''134.05999755859375'',''134.67999267578125'',''134.67999267578125'',54388100,''AMZN''
''7/17/2023'',''134.55999755859375'',''135.6199951171875'',''133.2100067138672'',''133.55999755859375'',''133.55999755859375'',48450200,''AMZN''
''7/18/2023'',''132.7100067138672'',''133.86000061035156'',''131.35000610351562'',''132.8300018310547'',''132.8300018310547'',54969100,''AMZN''
''7/19/2023'',''133.38999938964844'',''135.99000549316406'',''132.52999877929688'',''135.36000061035156'',''135.36000061035156'',54531000,''AMZN''
''7/20/2023'',''134.07000732421875'',''134.7899932861328'',''129.3300018310547'',''129.9600067138672'',''129.9600067138672'',59820600,''AMZN''
''7/21/2023'',''131.33999633789062'',''131.3699951171875'',''128.4199981689453'',130,130,133265000,''AMZN''
''7/24/2023'',''130.30999755859375'',''131.66000366210938'',''128.35000610351562'',''128.8000030517578'',''128.8000030517578'',45591100,''AMZN''
''7/25/2023'',''129.30999755859375'',''129.5800018310547'',''128.52999877929688'',''129.1300048828125'',''129.1300048828125'',39236700,''AMZN''
''7/26/2023'',''126.51000213623047'',''129.0800018310547'',''126.11000061035156'',''128.14999389648438'',''128.14999389648438'',53910100,''AMZN''
''7/27/2023'',131,''132.6300048828125'',''127.79000091552734'',128.25,128.25,52610700,''AMZN''
''7/28/2023'',''129.69000244140625'',''133.00999450683594'',''129.3300018310547'',''132.2100067138672'',''132.2100067138672'',46317400,''AMZN''
''7/31/2023'',''133.1999969482422'',''133.8699951171875'',''132.3800048828125'',''133.67999267578125'',''133.67999267578125'',41901500,''AMZN''
''8/1/2023'',''133.5500030517578'',''133.69000244140625'',''131.6199951171875'',''131.69000244140625'',''131.69000244140625'',42098500,''AMZN''
''8/2/2023'',''130.14999389648438'',''130.22999572753906'',''126.81999969482422'',''128.2100067138672'',''128.2100067138672'',51027600,''AMZN''
''8/3/2023'',''127.4800033569336'',''129.83999633789062'',''126.41000366210938'',''128.91000366210938'',''128.91000366210938'',88585200,''AMZN''
''8/4/2023'',''141.05999755859375'',''143.6300048828125'',''139.32000732421875'',''139.57000732421875'',''139.57000732421875'',152938700,''AMZN''
''8/7/2023'',''140.99000549316406'',''142.5399932861328'',''138.9499969482422'',''142.22000122070312'',''142.22000122070312'',71213100,''AMZN''
''8/8/2023'',''140.6199951171875'',''140.83999633789062'',''138.4199981689453'',''139.94000244140625'',''139.94000244140625'',51710500,''AMZN''
''8/9/2023'',''139.97000122070312'',''140.32000732421875'',''137.10000610351562'',''137.85000610351562'',''137.85000610351562'',50017300,''AMZN''
''8/10/2023'',''139.07000732421875'',''140.41000366210938'',''137.49000549316406'',''138.55999755859375'',''138.55999755859375'',58928400,''AMZN''
''8/11/2023'',''137.39999389648438'',''139.3300018310547'',137,''138.41000366210938'',''138.41000366210938'',42832100,''AMZN''
''8/14/2023'',''138.3000030517578'',''140.58999633789062'',137.75,''140.57000732421875'',''140.57000732421875'',47148700,''AMZN''
''8/15/2023'',''140.0500030517578'',''141.27999877929688'',''137.22999572753906'',''137.6699981689453'',''137.6699981689453'',42781500,''AMZN''
''8/16/2023'',''137.19000244140625'',''137.27000427246094'',''135.00999450683594'',''135.07000732421875'',''135.07000732421875'',41675900,''AMZN''
''8/17/2023'',''135.4600067138672'',''136.08999633789062'',''133.52999877929688'',''133.97999572753906'',''133.97999572753906'',48354100,''AMZN''
''8/18/2023'',''131.6199951171875'',''134.07000732421875'',''131.14999389648438'',''133.22000122070312'',''133.22000122070312'',48469400,''AMZN''
''8/21/2023'',''133.74000549316406'',''135.19000244140625'',''132.7100067138672'',''134.67999267578125'',''134.67999267578125'',41442500,''AMZN''
''8/22/2023'',''135.0800018310547'',''135.64999389648438'',''133.72999572753906'',134.25,134.25,32935100,''AMZN''
''8/23/2023'',134.5,''135.9499969482422'',''133.22000122070312'',''135.52000427246094'',''135.52000427246094'',42801000,''AMZN''
''8/24/2023'',''136.39999389648438'',''136.77999877929688'',''131.8300018310547'',''131.83999633789062'',''131.83999633789062'',43646300,''AMZN''
''8/25/2023'',''132.47000122070312'',''133.8699951171875'',''130.5800018310547'',''133.25999450683594'',''133.25999450683594'',44147500,''AMZN''
''8/28/2023'',''133.77999877929688'',''133.9499969482422'',''131.85000610351562'',''133.13999938964844'',''133.13999938964844'',34108400,''AMZN''
''8/29/2023'',''133.3800048828125'',''135.13999938964844'',133.25,''134.91000366210938'',''134.91000366210938'',38646100,''AMZN''
''8/30/2023'',''134.92999267578125'',''135.67999267578125'',''133.9199981689453'',''135.07000732421875'',''135.07000732421875'',36137000,''AMZN''
''8/31/2023'',''135.05999755859375'',''138.7899932861328'',135,''138.00999450683594'',''138.00999450683594'',58781300,''AMZN''
''9/1/2023'',''139.4600067138672'',''139.9600067138672'',''136.8800048828125'',''138.1199951171875'',''138.1199951171875'',40948300,''AMZN''
''9/5/2023'',''137.72999572753906'',''137.8000030517578'',''135.82000732421875'',''137.27000427246094'',''137.27000427246094'',40636700,''AMZN''
''9/6/2023'',''136.32000732421875'',''137.4499969482422'',''134.61000061035156'',''135.36000061035156'',''135.36000061035156'',41785500,''AMZN''
''9/7/2023'',''133.89999389648438'',''138.02999877929688'',''133.16000366210938'',''137.85000610351562'',''137.85000610351562'',48498900,''AMZN''
''9/8/2023'',''136.86000061035156'',''138.85000610351562'',136.75,''138.22999572753906'',''138.22999572753906'',38348200,''AMZN''
''9/11/2023'',138.75,''143.6199951171875'',''138.63999938964844'',''143.10000610351562'',''143.10000610351562'',56764500,''AMZN''
''9/12/2023'',''142.32000732421875'',143,''140.61000061035156'',''141.22999572753906'',''141.22999572753906'',42668500,''AMZN''
''9/13/2023'',''140.9499969482422'',''144.97999572753906'',''140.8699951171875'',''144.85000610351562'',''144.85000610351562'',60465200,''AMZN''
''9/14/2023'',''145.0800018310547'',''145.86000061035156'',''142.9499969482422'',''144.72000122070312'',''144.72000122070312'',64033600,''AMZN''
''9/15/2023'',''142.69000244140625'',''143.57000732421875'',''140.08999633789062'',''140.38999938964844'',''140.38999938964844'',102861700,''AMZN''
''9/18/2023'',''140.47999572753906'',141.75,''139.22000122070312'',''139.97999572753906'',''139.97999572753906'',42823500,''AMZN''
''9/19/2023'',''138.6999969482422'',''138.83999633789062'',''135.55999755859375'',''137.6300048828125'',''137.6300048828125'',61482500,''AMZN''
''9/20/2023'',''138.5500030517578'',''139.3699951171875'',''135.1999969482422'',''135.2899932861328'',''135.2899932861328'',46263700,''AMZN''
''9/21/2023'',''131.94000244140625'',''132.24000549316406'',''129.30999755859375'',''129.3300018310547'',''129.3300018310547'',70234800,''AMZN''
''9/22/2023'',''131.11000061035156'',''132.02999877929688'',''128.52000427246094'',''129.1199951171875'',''129.1199951171875'',59904300,''AMZN''
''9/25/2023'',''129.36000061035156'',''131.77999877929688'',''128.77000427246094'',''131.27000427246094'',''131.27000427246094'',46017800,''AMZN''
''9/26/2023'',''130.1199951171875'',''130.38999938964844'',''125.27999877929688'',''125.9800033569336'',''125.9800033569336'',73048200,''AMZN''
''9/27/2023'',''125.76000213623047'',''127.4800033569336'',''124.12999725341797'',''125.9800033569336'',''125.9800033569336'',66553400,''AMZN''
''9/28/2023'',''124.04000091552734'',''126.58000183105469'',''123.04000091552734'',''125.9800033569336'',''125.9800033569336'',54555000,''AMZN''
''9/29/2023'',''128.1999969482422'',''129.14999389648438'',''126.31999969482422'',''127.12000274658203'',''127.12000274658203'',62377600,''AMZN''
''10/2/2023'',''127.27999877929688'',''130.47000122070312'',''126.54000091552734'',''129.4600067138672'',''129.4600067138672'',48029700,''AMZN''
''10/3/2023'',''128.05999755859375'',''128.52000427246094'',124.25,''124.72000122070312'',''124.72000122070312'',51565000,''AMZN''
''10/4/2023'',''126.05999755859375'',''127.36000061035156'',''125.68000030517578'',127,127,44203900,''AMZN''
''10/5/2023'',''126.70999908447266'',''126.7300033569336'',''124.33000183105469'',''125.95999908447266'',''125.95999908447266'',39660600,''AMZN''
''10/6/2023'',''124.16000366210938'',''128.4499969482422'',''124.12999725341797'',''127.95999908447266'',''127.95999908447266'',46795900,''AMZN''
''10/9/2023'',''126.22000122070312'',''128.7899932861328'',''124.76000213623047'',''128.25999450683594'',''128.25999450683594'',38773700,''AMZN''
''10/10/2023'',''128.82000732421875'',''130.74000549316406'',''128.0500030517578'',''129.47999572753906'',''129.47999572753906'',42178600,''AMZN''
''10/11/2023'',''129.74000549316406'',''132.0500030517578'',''129.61000061035156'',''131.8300018310547'',''131.8300018310547'',40741800,''AMZN''
''10/12/2023'',''132.1699981689453'',''134.47999572753906'',''131.22999572753906'',''132.3300018310547'',''132.3300018310547'',55528600,''AMZN''
''10/13/2023'',''132.97999572753906'',''133.30999755859375'',''128.9499969482422'',''129.7899932861328'',''129.7899932861328'',45786600,''AMZN''
''10/16/2023'',''130.69000244140625'',''133.07000732421875'',''130.42999267578125'',''132.5500030517578'',''132.5500030517578'',42832900,''AMZN''
''10/17/2023'',''130.38999938964844'',''132.5800018310547'',''128.7100067138672'',''131.47000122070312'',''131.47000122070312'',49344600,''AMZN''
''10/18/2023'',''129.89999389648438'',''130.6699981689453'',''127.51000213623047'',''128.1300048828125'',''128.1300048828125'',42699500,''AMZN''
''10/19/2023'',''130.57000732421875'',''132.24000549316406'',''127.47000122070312'',''128.39999389648438'',''128.39999389648438'',60961400,''AMZN''
''10/20/2023'',''128.0500030517578'',''128.1699981689453'',''124.97000122070312'',''125.16999816894531'',''125.16999816894531'',56343300,''AMZN''
''10/23/2023'',''124.62999725341797'',''127.87999725341797'',''123.9800033569336'',''126.55999755859375'',''126.55999755859375'',48260000,''AMZN''
''10/24/2023'',''127.73999786376953'',''128.8000030517578'',''126.33999633789062'',''128.55999755859375'',''128.55999755859375'',46477400,''AMZN''
''10/25/2023'',''126.04000091552734'',''126.33999633789062'',''120.79000091552734'',''121.38999938964844'',''121.38999938964844'',74577500,''AMZN''
''10/26/2023'',''120.62999725341797'',''121.63999938964844'',''118.3499984741211'',''119.56999969482422'',''119.56999969482422'',100419500,''AMZN''
''10/27/2023'',''126.19999694824219'',''130.02000427246094'',''125.5199966430664'',''127.73999786376953'',''127.73999786376953'',125309300,''AMZN''
''10/30/2023'',''129.72000122070312'',133,''128.55999755859375'',''132.7100067138672'',''132.7100067138672'',72485500,''AMZN''
''10/31/2023'',132.75,''133.57000732421875'',''131.7100067138672'',''133.08999633789062'',''133.08999633789062'',51589400,''AMZN''
''11/1/2023'',''133.9600067138672'',''137.35000610351562'',''133.7100067138672'',137,137,61529400,''AMZN''
''11/2/2023'',''138.72999572753906'',''138.80999755859375'',''136.47000122070312'',''138.07000732421875'',''138.07000732421875'',52236700,''AMZN''
''11/3/2023'',''138.99000549316406'',''139.49000549316406'',''137.4499969482422'',''138.60000610351562'',''138.60000610351562'',44007200,''AMZN''
''11/6/2023'',''138.75999450683594'',''140.72999572753906'',''138.36000061035156'',''139.74000549316406'',''139.74000549316406'',44970400,''AMZN''
''11/7/2023'',''140.5500030517578'',''143.3699951171875'',140.5,''142.7100067138672'',''142.7100067138672'',53553500,''AMZN''
''11/8/2023'',''142.97000122070312'',''143.1199951171875'',''141.22000122070312'',''142.0800018310547'',''142.0800018310547'',44521700,''AMZN''
''11/9/2023'',''142.02000427246094'',''142.64999389648438'',''139.83999633789062'',''140.60000610351562'',''140.60000610351562'',36235400,''AMZN''
''11/10/2023'',''140.4600067138672'',''143.64999389648438'',''139.91000366210938'',''143.55999755859375'',''143.55999755859375'',49287800,''AMZN''
''11/13/2023'',''142.0800018310547'',''143.22999572753906'',''140.6699981689453'',''142.58999633789062'',''142.58999633789062'',35680600,''AMZN''
''11/14/2023'',145,''147.25999450683594'',''144.67999267578125'',''145.8000030517578'',''145.8000030517578'',56674600,''AMZN''
''11/15/2023'',''147.05999755859375'',''147.2899932861328'',''142.58999633789062'',''143.1999969482422'',''143.1999969482422'',63875700,''AMZN''
''11/16/2023'',''140.91000366210938'',''143.32000732421875'',''139.52000427246094'',''142.8300018310547'',''142.8300018310547'',49653500,''AMZN''
''11/17/2023'',''142.66000366210938'',''145.22999572753906'',''142.5399932861328'',''145.17999267578125'',''145.17999267578125'',49636700,''AMZN''
''11/20/2023'',''145.1300048828125'',''146.6300048828125'',''144.72999572753906'',''146.1300048828125'',''146.1300048828125'',41951200,''AMZN''
''11/21/2023'',''143.91000366210938'',''144.0500030517578'',141.5,''143.89999389648438'',''143.89999389648438'',71226000,''AMZN''
''11/22/2023'',''144.57000732421875'',''147.74000549316406'',''144.57000732421875'',''146.7100067138672'',''146.7100067138672'',45669100,''AMZN''
''11/24/2023'',''146.6999969482422'',''147.1999969482422'',''145.32000732421875'',''146.74000549316406'',''146.74000549316406'',22378400,''AMZN''
''11/27/2023'',''147.52999877929688'',''149.25999450683594'',''146.8800048828125'',''147.72999572753906'',''147.72999572753906'',53762400,''AMZN''
''11/28/2023'',''146.97999572753906'',''147.60000610351562'',''145.52999877929688'',''147.02999877929688'',''147.02999877929688'',42711700,''AMZN''
''11/29/2023'',''147.85000610351562'',''148.5399932861328'',''145.97000122070312'',''146.32000732421875'',''146.32000732421875'',40610900,''AMZN''
''11/30/2023'',''144.75999450683594'',''146.92999267578125'',''144.3300018310547'',''146.08999633789062'',''146.08999633789062'',65814000,''AMZN''
''12/1/2023'',146,147.25,''145.5500030517578'',''147.02999877929688'',''147.02999877929688'',39924600,''AMZN''
''12/4/2023'',145.25,''145.35000610351562'',''142.80999755859375'',''144.83999633789062'',''144.83999633789062'',48294200,''AMZN''
''12/5/2023'',''143.5500030517578'',''148.57000732421875'',''143.1300048828125'',''146.8800048828125'',''146.8800048828125'',46822400,''AMZN''
''12/6/2023'',''147.5800018310547'',''147.85000610351562'',''144.27999877929688'',''144.52000427246094'',''144.52000427246094'',39679000,''AMZN''
''12/7/2023'',''146.14999389648438'',''147.9199981689453'',''145.33999633789062'',''146.8800048828125'',''146.8800048828125'',52352800,''AMZN''
''12/8/2023'',''145.47999572753906'',''147.83999633789062'',''145.39999389648438'',''147.4199981689453'',''147.4199981689453'',41858000,''AMZN''
''12/11/2023'',''145.66000366210938'',''146.19000244140625'',''143.63999938964844'',''145.88999938964844'',''145.88999938964844'',50907300,''AMZN''
''12/12/2023'',''145.52000427246094'',147.5,''145.3000030517578'',''147.47999572753906'',''147.47999572753906'',44944300,''AMZN''
''12/13/2023'',''148.1199951171875'',''149.4600067138672'',''146.82000732421875'',''148.83999633789062'',''148.83999633789062'',52766200,''AMZN''
''12/14/2023'',''149.92999267578125'',''150.5399932861328'',''145.52000427246094'',''147.4199981689453'',''147.4199981689453'',58400800,''AMZN''
''12/15/2023'',''148.3800048828125'',''150.57000732421875'',''147.8800048828125'',''149.97000122070312'',''149.97000122070312'',110039100,''AMZN''
''12/18/2023'',''150.55999755859375'',''154.85000610351562'',''150.0500030517578'',''154.07000732421875'',''154.07000732421875'',62512800,''AMZN''
''12/19/2023'',''154.39999389648438'',''155.1199951171875'',''152.69000244140625'',''153.7899932861328'',''153.7899932861328'',43171300,''AMZN''
''12/20/2023'',''152.89999389648438'',''155.6300048828125'',''151.55999755859375'',''152.1199951171875'',''152.1199951171875'',50322100,''AMZN''
''12/21/2023'',''153.3000030517578'',''153.97000122070312'',''152.10000610351562'',''153.83999633789062'',''153.83999633789062'',36305700,''AMZN''
''12/22/2023'',''153.77000427246094'',''154.35000610351562'',''152.7100067138672'',''153.4199981689453'',''153.4199981689453'',29480100,''AMZN''
''12/26/2023'',''153.55999755859375'',''153.97999572753906'',''153.02999877929688'',''153.41000366210938'',''153.41000366210938'',25067200,''AMZN''
''12/27/2023'',''153.55999755859375'',''154.77999877929688'',''153.1199951171875'',''153.33999633789062'',''153.33999633789062'',31434700,''AMZN''
''12/28/2023'',''153.72000122070312'',''154.0800018310547'',''152.9499969482422'',''153.3800048828125'',''153.3800048828125'',27057000,''AMZN''
''12/29/2023'',''153.10000610351562'',''153.88999938964844'',''151.02999877929688'',''151.94000244140625'',''151.94000244140625'',39789000,''AMZN''
